{
  "z_high_within_var": 5.428515947869528e-08,
  "z_high_between_var": 1.660713788709245e-09,
  "style_separation_ratio": 0.025833548554229247,
  "z_low_within_var": 4.4405410903891607e-07
}